{
  "eye": {
    "orientation": [
      0.9062442183494568,
      -0.3374311327934265,
      0.0031878501176834106,
      0.25465959310531616
    ],
    "magnitude": 1,
    "position": [
      698.7657470703125,
      299.97265625,
      282.8425598144531
    ]
  },
  "radius": 793.2212524414062,
  "type": "PERSPECTIVE"
}